"Number of Threads","Number of requests","Time taken","Throughput per second"
"1","100","1455","68.72852233676976","14.320000000000004","11.0","138.29999999999964","10.0","139.0","125.0","125.0","125.0","125.0","125.0"
"150","500000","113864","4391.203541066536","34.018037803779684","33.0","68.0","8.0","350.0","74.29397590361445","79.0","112.51999999999992","21.0","116.0"
"250","500000","109955","4547.314810604338","54.66247000000109","53.0","97.0","8.0","1106.0","83.88571428571429","81.0","155.55999999999995","31.0","168.0"
"350","500000","107833","4636.799495516215","75.19703481392393","73.0","123.0","9.0","426.0","95.18356164383562","84.0","164.0","58.0","234.0"
"400","500000","104015","4806.998990530212","82.9118520000013","81.0","132.0","9.0","1180.0","106.72647058823529","91.0","181.12999999999982","13.0","207.0"
