"Number of Threads","Number of requests","Time taken","Throughput per second"
"1","100","2670","37.453183520599254","26.5","2.0","2422.8199999999874","1.0","2447.0","2473.0","2473.0","2473.0","2473.0","2473.0"
"100","500000","48242","10364.412752373451","9.488235999996672","1.0","84.0","0.0","2615.0","115.16666666666667","31.5","1611.5400000000059","0.0","1941.0"
